IOTFLOW,DYNAMIC,MATCH,REASON,IoT-RELATED,IoT-RELATED 2,IoT-RELATED REASON,,,,,,,,,,,,,,,,,,,
stats.cn.ronghub.com,stats.cn.ronghub.com,exact,,,,,,,,,,,,,,,,,,,,,,,
loc.map.baidu.com,loc.map.baidu.com,exact,,,,,,,,,,,,,,,,,,,,,,,
api.shoutcast.com,api.shoutcast.com,exact,,b,b,iot functionality (radio),,,,,,,,,,,,,,,,,,,
,abtest.z.qingting.fm,,,d,d,iot functionality (radio),,,,,,,,,,,,,,,,,,,
,android.bugly.qq.com,,,,,,,,,,,,,,,,,,,,,,,,
,app.divoom-gz.com,,,d,d,vendor,,,,,,,,,,,,,,,,,,,
,clientservices.googleapis.com,,,,,,,,,,,,,,,,,,,,,,,,
,f.divoom-gz.com,,,d,d,vendor,,,,,,,,,,,,,,,,,,,
,graph.facebook.com,,,,,,,,,,,,,,,,,,,,,,,,
,i.radionomy.com,,,,,,,,,,,,,,,,,,,,,,,,
,logcollection.ronghub.com,,,,,,,,,,,,,,,,,,,,,,,,
,nav.cn.ronghub.com,,,,,,,,,,,,,,,,,,,,,,,,
,nav2-cn.ronghub.com,,,,,,,,,,,,,,,,,,,,,,,,
,rec.z.qingting.fm,,,,,,,,,,,,,,,,,,,,,,,,
,update.googleapis.com,,,,,,,,,,,,,,,,,,,,,,,,
,wea.divoom-gz.com,,,d,d,vendor,,,,,,,,,,,,,,,,,,,
,ynfz.cn.rongnav.com,,,,,,,,,,,,,,,,,,,,,,,,
45.113.192.101,,,,,,,,,,,,,,,,,,,,,,,,,
180.76.76.200,,,,,,,,,,,,,,,,,,,,,,,,,
accounts.google.com,,,,,,,,,,,,,,,,,,,,,,,,,
api.open.qingting.fm,,,,i,i,iot functionality (radio),,,,,,,,,,,,,,,,,,,
api.twitter.com,,,,,,,,,,,,,,,,,,,,,,,,,
api.xmpush.xiaomi.com,,,,i,i,xiaomi iot,,,,,,,,,,,,,,,,,,,
appsupport.qq.com,,,,,,,,,,,,,,,,,,,,,,,,,
ccc.sys.miui.com,,,,i,i,xiaomi iot,,,,,,,,,,,,,,,,,,,
cgi.connect.qq.com,,,,,,,,,,,,,,,,,,,,,,,,,
cgi.qplus.com,,,,,,,,,,,,,,,,,,,,,,,,,
daup.map.baidu.com,,,,,,,,,,,,,,,,,,,,,,,,,
github.com,,,,,,,,,,,,,,,,,,,,,,,,,
google.com,,,,,,,,,,,,,,,,,,,,,,,,,
itsdata.map.baidu.com,,,,,,,,,,,,,,,,,,,,,,,,,
logger.qingting.fm,,,,,,,,,,,,,,,,,,,,,,,,,
login.sina.com.cn,,,,,,,,,,,,,,,,,,,,,,,,,
long.open.weixin.qq.com,,,,,,,,,,,,,,,,,,,,,,,,,
m.divoom-gz.com,,,,i,i,vendor,,,,,,,,,,,,,,,,,,,
notify.bugsnag.com,,,,,,,,,,,,,,,,,,,,,,,,,
ofloc.map.baidu.com,,,,,,,,,,,,,,,,,,,,,,,,,
open.weixin.qq.com,,,,,,,,,,,,,,,,,,,,,,,,,
openmobile.qq.com,,,,,,,,,,,,,,,,,,,,,,,,,
pingma.qq.com,,,,,,,,,,,,,,,,,,,,,,,,,
qzs.qq.com,,,,,,,,,,,,,,,,,,,,,,,,,
resolver.msg.global.xiaomi.net,,,,i,i,xiaomi iot,,,,,,,,,,,,,,,,,,,
resolver.msg.xiaomi.net,,,,i,i,xiaomi iot,,,,,,,,,,,,,,,,,,,
sessions.bugsnag.com,,,,,,,,,,,,,,,,,,,,,,,,,
slf4j.org,,,,,,,,,,,,,,,,,,,,,,,,,
syndication.twitter.com,,,,,,,,,,,,,,,,,,,,,,,,,
wspeed.qq.com,,,,,,,,,,,,,,,,,,,,,,,,,
yp.shoutcast.com,,,,,,,,,,,,,,,,,,,,,,,,,
